{
    "custom_trains":
    {
        "gzmetro_line4":
        {
            "name":"广州地铁4号线 - by LeoJim",
            "color":"843D",
            "gangway_connection_id":"",
            "train_barrier_id":"",
            "door_animation_type":"PLUG_FAST",
            "render_door_overlay":false,
            "rider_offset":0.0,
            "texture_id":"mtr:gzmetro_line4/gzmetro_line4",
            "model":"mtr:gzmetro_line4/gzmetro_line4.bbmodel",
            "model_properties":"mtr:gzmetro_line4/gzmetro_line4.json"
        },
        "gzmetro_line5":
        {
            "name":"广州地铁5号线 - by LeoJim",
            "color":"C5003E",
            "gangway_connection_id":"",
            "train_barrier_id":"",
            "door_animation_type":"PLUG_FAST",
            "render_door_overlay":false,
            "rider_offset":0.0,
            "texture_id":"mtr:gzmetro_line5/gzmetro_line5",
            "model":"mtr:gzmetro_line5/gzmetro_line5.bbmodel",
            "model_properties":"mtr:gzmetro_line5/gzmetro_line5.json"
        },
        "gzmetro_line6":
        {
            "name":"广州地铁6号线 - by LeoJim",
            "color":"80225F",
            "gangway_connection_id":"",
            "train_barrier_id":"",
            "door_animation_type":"PLUG_FAST",
            "render_door_overlay":false,
            "rider_offset":0.0,
            "texture_id":"mtr:gzmetro_line6/gzmetro_line6",
            "model":"mtr:gzmetro_line6/gzmetro_line6.bbmodel",
            "model_properties":"mtr:gzmetro_line6/gzmetro_line6.json"
        }
    }
}