{"transport_mode":"TRAIN","length":17,"width":2,"door_max":16,"parts":[{"name":"frame","stage":"EXTERIOR","mirror":false,"skip_rendering_if_too_far":false,"door_offset":"NONE","render_condition":"ALL","positions":[[0.0,8.0]],"whitelisted_cars":"","blacklisted_cars":""},{"name":"head","stage":"EXTERIOR","mirror":false,"skip_rendering_if_too_far":false,"door_offset":"NONE","render_condition":"ALL","positions":[[0.0,8.0]],"whitelisted_cars":"1","blacklisted_cars":"%2,%2+1"},{"name":"head","stage":"EXTERIOR","mirror":true,"skip_rendering_if_too_far":false,"door_offset":"NONE","render_condition":"ALL","positions":[[0.0,8.0]],"whitelisted_cars":"-1","blacklisted_cars":"%2,%2+1"},{"name":"end","stage":"EXTERIOR","mirror":false,"skip_rendering_if_too_far":false,"door_offset":"NONE","render_condition":"ALL","positions":[[0.0,8.0]],"whitelisted_cars":"%2,%2+1","blacklisted_cars":"-1"},{"name":"end","stage":"EXTERIOR","mirror":true,"skip_rendering_if_too_far":false,"door_offset":"NONE","render_condition":"ALL","positions":[[0.0,8.0]],"whitelisted_cars":"%2,%2+1","blacklisted_cars":"1"},{"name":"roof_light","stage":"LIGHTS","mirror":false,"skip_rendering_if_too_far":false,"door_offset":"NONE","render_condition":"ALL","positions":[[0.0,8.0]],"whitelisted_cars":"","blacklisted_cars":""},{"name":"head_light","stage":"LIGHTS","mirror":false,"skip_rendering_if_too_far":false,"door_offset":"NONE","render_condition":"MOVING_FORWARDS","positions":[[0.0,8.0]],"whitelisted_cars":"1","blacklisted_cars":"%2,%2+1"},{"name":"tail_light","stage":"LIGHTS","mirror":false,"skip_rendering_if_too_far":false,"door_offset":"NONE","render_condition":"MOVING_BACKWARDS","positions":[[0.0,8.0]],"whitelisted_cars":"1","blacklisted_cars":"%2,%2+1"},{"name":"head_light","stage":"LIGHTS","mirror":true,"skip_rendering_if_too_far":false,"door_offset":"NONE","render_condition":"MOVING_BACKWARDS","positions":[[0.0,8.0]],"whitelisted_cars":"-1","blacklisted_cars":"%2,%2+1"},{"name":"tail_light","stage":"LIGHTS","mirror":true,"skip_rendering_if_too_far":false,"door_offset":"NONE","render_condition":"MOVING_FORWARDS","positions":[[0.0,8.0]],"whitelisted_cars":"-1","blacklisted_cars":"%2,%2+1"},{"name":"lianjiechu","stage":"EXTERIOR","mirror":false,"skip_rendering_if_too_far":false,"door_offset":"NONE","render_condition":"ALL","positions":[[0.0,8.0]],"whitelisted_cars":"%2,%2+1","blacklisted_cars":"-1"},{"name":"lianjiechu","stage":"EXTERIOR","mirror":true,"skip_rendering_if_too_far":false,"door_offset":"NONE","render_condition":"ALL","positions":[[0.0,8.0]],"whitelisted_cars":"%2,%2+1","blacklisted_cars":"1"},{"name":"door_light_close_1","stage":"EXTERIOR","mirror":false,"skip_rendering_if_too_far":false,"door_offset":"NONE","render_condition":"DOOR_LEFT_CLOSED","positions":[[0.0,8.0]],"whitelisted_cars":"","blacklisted_cars":""},{"name":"door_light_open_1","stage":"LIGHTS","mirror":false,"skip_rendering_if_too_far":false,"door_offset":"NONE","render_condition":"DOOR_LEFT_OPEN","positions":[[0.0,8.0]],"whitelisted_cars":"","blacklisted_cars":""},{"name":"door_light_close_2","stage":"EXTERIOR","mirror":false,"skip_rendering_if_too_far":false,"door_offset":"NONE","render_condition":"DOOR_RIGHT_CLOSED","positions":[[0.0,8.0]],"whitelisted_cars":"","blacklisted_cars":""},{"name":"door_light_open_2","stage":"LIGHTS","mirror":false,"skip_rendering_if_too_far":false,"door_offset":"NONE","render_condition":"DOOR_RIGHT_OPEN","positions":[[0.0,8.0]],"whitelisted_cars":"","blacklisted_cars":""},{"name":"shoudiangong","stage":"EXTERIOR","mirror":false,"skip_rendering_if_too_far":false,"door_offset":"NONE","render_condition":"ALL","positions":[[0.0,0.0]],"whitelisted_cars":"1","blacklisted_cars":"%2,%2+1"},{"name":"door_r_r","stage":"EXTERIOR","mirror":false,"skip_rendering_if_too_far":false,"door_offset":"RIGHT_POSITIVE","render_condition":"ALL","positions":[[0.0,8.0]],"whitelisted_cars":"","blacklisted_cars":""},{"name":"door_r_l","stage":"EXTERIOR","mirror":false,"skip_rendering_if_too_far":false,"door_offset":"RIGHT_NEGATIVE","render_condition":"ALL","positions":[[0.0,8.0]],"whitelisted_cars":"","blacklisted_cars":""},{"name":"door_r_r","stage":"EXTERIOR","mirror":true,"skip_rendering_if_too_far":false,"door_offset":"LEFT_POSITIVE","render_condition":"ALL","positions":[[0.0,8.0]],"whitelisted_cars":"","blacklisted_cars":""},{"name":"door_r_l","stage":"EXTERIOR","mirror":true,"skip_rendering_if_too_far":false,"door_offset":"LEFT_NEGATIVE","render_condition":"ALL","positions":[[0.0,8.0]],"whitelisted_cars":"","blacklisted_cars":""},{"name":"zhuanxiangjia3","stage":"EXTERIOR","mirror":false,"skip_rendering_if_too_far":false,"door_offset":"NONE","render_condition":"ALL","positions":[[0.0,8.0]],"whitelisted_cars":"","blacklisted_cars":""},{"name":"zhuanxiangjia2","stage":"EXTERIOR","mirror":false,"skip_rendering_if_too_far":false,"door_offset":"NONE","render_condition":"ALL","positions":[[0.0,8.0]],"whitelisted_cars":"","blacklisted_cars":""},{"name":"shoudiangong","stage":"EXTERIOR","mirror":true,"skip_rendering_if_too_far":false,"door_offset":"NONE","render_condition":"ALL","positions":[[0.0,16.0]],"whitelisted_cars":"-1","blacklisted_cars":"%2,%2+1"}]}